{"2302.10205.pdf": 0, "demo.pdf": 1, "2303.01157.pdf": 2}