{"demo.pdf 1": 0, "demo.pdf 4": 1, "demo.pdf 7": 2, "demo.pdf 10": 3, "demo.pdf 13": 4, "demo.pdf 16": 5, "2302.10205.pdf 2": 6, "2302.10205.pdf 5": 7, "2302.10205.pdf 8": 8, "2303.01157.pdf 2": 9, "2303.01157.pdf 5": 10, "2303.01157.pdf 8": 11, "2303.01157.pdf 11": 12, "demo.pdf 3": 13, "demo.pdf 6": 14, "demo.pdf 9": 15, "demo.pdf 12": 16, "demo.pdf 15": 17, "demo.pdf 18": 18, "2302.10205.pdf 1": 19, "2302.10205.pdf 4": 20, "2302.10205.pdf 7": 21, "2302.10205.pdf 10": 22, "2303.01157.pdf 1": 23, "2303.01157.pdf 4": 24, "2303.01157.pdf 7": 25, "2303.01157.pdf 10": 26, "demo.pdf 2": 27, "demo.pdf 5": 28, "demo.pdf 8": 29, "demo.pdf 11": 30, "demo.pdf 14": 31, "demo.pdf 17": 32, "2302.10205.pdf 3": 33, "2302.10205.pdf 6": 34, "2302.10205.pdf 9": 35, "2303.01157.pdf 3": 36, "2303.01157.pdf 6": 37, "2303.01157.pdf 9": 38, "2303.01157.pdf 12": 39}