{"demo.pdf 7": 0, "demo.pdf 6": 1, "demo.pdf 9": 2, "demo.pdf 12": 3, "2303.01157.pdf 5": 4, "2303.01157.pdf 8": 5, "2303.01157.pdf 11": 6, "2302.10205.pdf 3": 7, "demo.pdf 10": 8, "2303.01157.pdf 1": 9, "2303.01157.pdf 4": 10, "2303.01157.pdf 7": 11, "2302.10205.pdf 5": 12, "2303.01157.pdf 10": 13, "2302.10205.pdf 6": 14, "2302.10205.pdf 9": 15, "2302.10205.pdf 2": 16, "2302.10205.pdf 8": 17, "demo.pdf 4": 18, "demo.pdf 15": 19, "demo.pdf 18": 20, "2303.01157.pdf 3": 21, "demo.pdf 2": 22, "demo.pdf 8": 23, "2302.10205.pdf 4": 24, "demo.pdf 11": 25, "demo.pdf 14": 26, "2303.01157.pdf 6": 27, "demo.pdf 5": 28, "demo.pdf 17": 29, "demo.pdf 1": 30, "2303.01157.pdf 2": 31, "2303.01157.pdf 9": 32, "2303.01157.pdf 12": 33, "2302.10205.pdf 1": 34, "2302.10205.pdf 7": 35, "2302.10205.pdf 10": 36, "demo.pdf 3": 37, "demo.pdf 13": 38, "demo.pdf 16": 39}